Tromp - Casper,Company
Shanahan - Stanton,Company
Wiegand LLC,Company
"Langosh, Windler and Williamson",Company
Keebler - Pollich,Company
Kautzer - Gerlach,Company
"Nolan, Ratke and Bahringer",Company
Bernier - Reynolds,Company
McKenzie and Sons,Company
Erdman LLC,Company
Crooks and Sons,Company
Bergnaum - West,Company
"Cassin, Hoeger and Abbott",Company
Harber and Sons,Company
Beahan Group,Company
Block - Cronin,Company
"Kling, Shanahan and Rath",Company
Hoeger and Sons,Company
"Beahan, Satterfield and Gislason",Company
"Krajcik, Donnelly and Nicolas",Company
