Ian Pugh,Employee
Bob Bean,Employee
Ivy-Rose Hughes,Employee
Rhodri Rich,Employee
Shauna Mccoy,Employee
Leopold Edmonds,Employee
Alessandro Krause,Employee
Petra Marsh,Employee
Faizaan Forrest,Employee
Zack Mcfarlane,Employee
Meg Goodman,Employee
Leilani Mcneill,Employee
Rosemarie Ryder,Employee
Fionn Whittington,Employee
Pia Benitez,Employee
Ruby-May Reese,Employee
Caolan Read,Employee
Abbi Nelson,Employee
Helen Watts,Employee
Sally Hicks,Employee
Amiyah Simons,Employee
Lexi-Mai Rahman,Employee
Hafsa Cote,Employee
Ieuan Laing,Employee
Joe Chapman,Employee
Brayden Hill,Employee
Roksana Woodcock,Employee
Sofia Alvarado,Employee
Leslie Townsend,Employee
Rueben Cohen,Employee
Noor Bird,Employee
Grady Glover,Employee
Miranda Leach,Employee
Nana Winter,Employee
Hakeem Wickens,Employee
Freja Morin,Employee
Pawel Acosta,Employee
Rahul Wu,Employee
Rian O'Sullivan,Employee
Jaya Sears,Employee
Nakita Henderson,Employee
Amy Garcia,Employee
Kaydee Kelley,Employee
Jae Mays,Employee
Izabella Wilkinson,Employee
Layla-Mae Leon,Employee
Viaan Montoya,Employee
Ashton Huerta,Employee
Taliyah Galloway,Employee
Janice Bernard,Employee
Lochlan Pratt,Employee
Eddison Nguyen,Employee
Sade Sumner,Employee
Thomas Trejo,Employee
Damien Southern,Employee
Mohsin Golden,Employee
Nial Coleman,Employee
Kennedy Clark,Employee
Herman West,Employee
Lily Sinclair,Employee
Kairo Hunt,Employee
Angel Carter,Employee
Rayhan Carroll,Employee
Elias Weiss,Employee
Hibah Henry,Employee
Clarke Drummond,Employee
Kerri Cordova,Employee
Adelaide Savage,Employee
Danyal Nicholson,Employee
Nyah Patton,Employee
Maisha Waller,Employee
Hareem Carr,Employee
Clara Dupont,Employee
Mira Coffey,Employee
Iylah Santos,Employee
Francisco Haley,Employee
Kitty Grimes,Employee
Hafsah Paine,Employee
Paddy Howarth,Employee
Laila Molloy,Employee
Alfie-James Corbett,Employee
Skyla Mcculloch,Employee
Montel Walter,Employee
Khloe Doherty,Employee
Davina Rollins,Employee
Theodora Crane,Employee
Fenton Mackenzie,Employee
Giovanni Cook,Employee
Carwyn Frye,Employee
Priscilla Garrison,Employee
Jamie-Leigh Stark,Employee
Keeley Poole,Employee
Tonicha Stokes,Employee
Siana Conrad,Employee
Kamil Keller,Employee
Isla-Grace Amos,Employee
Morwenna Smyth,Employee
Keri Hilton,Employee
Ria Mccaffrey,Employee
Sallie Parks,Employee
