Ian Pugh,Tromp - Casper
Bob Bean,Shanahan - Stanton
Ivy-Rose Hughes,Wiegand LLC
Rhodri Rich,"Langosh, Windler and Williamson"
Shauna Mccoy,Keebler - Pollich
Leopold Edmonds,Kautzer - Gerlach
Alessandro Krause,"Nolan, Ratke and Bahringer"
Petra Marsh,Bernier - Reynolds
Faizaan Forrest,McKenzie and Sons
Zack Mcfarlane,Erdman LLC
Meg Goodman,Crooks and Sons
Leilani Mcneill,Bergnaum - West
Rosemarie Ryder,"Cassin, Hoeger and Abbott"
Fionn Whittington,Harber and Sons
Pia Benitez,Beahan Group
Ruby-May Reese,Block - Cronin
Caolan Read,"Kling, Shanahan and Rath"
Abbi Nelson,Hoeger and Sons
Helen Watts,"Beahan, Satterfield and Gislason"
Sally Hicks,"Krajcik, Donnelly and Nicolas"
Amiyah Simons,Tromp - Casper
Lexi-Mai Rahman,Shanahan - Stanton
Hafsa Cote,Wiegand LLC
Ieuan Laing,"Langosh, Windler and Williamson"
Joe Chapman,Keebler - Pollich
Brayden Hill,Kautzer - Gerlach
Roksana Woodcock,"Nolan, Ratke and Bahringer"
Sofia Alvarado,Bernier - Reynolds
Leslie Townsend,McKenzie and Sons
Rueben Cohen,Erdman LLC
Noor Bird,Crooks and Sons
Grady Glover,Bergnaum - West
Miranda Leach,"Cassin, Hoeger and Abbott"
Nana Winter,Harber and Sons
Hakeem Wickens,Beahan Group
Freja Morin,Block - Cronin
Pawel Acosta,"Kling, Shanahan and Rath"
Rahul Wu,Hoeger and Sons
Rian O'Sullivan,"Beahan, Satterfield and Gislason"
Jaya Sears,"Krajcik, Donnelly and Nicolas"
Nakita Henderson,Tromp - Casper
Amy Garcia,Shanahan - Stanton
Kaydee Kelley,Wiegand LLC
Jae Mays,"Langosh, Windler and Williamson"
Izabella Wilkinson,Keebler - Pollich
Layla-Mae Leon,Kautzer - Gerlach
Viaan Montoya,"Nolan, Ratke and Bahringer"
Ashton Huerta,Bernier - Reynolds
Taliyah Galloway,McKenzie and Sons
Janice Bernard,Erdman LLC
Lochlan Pratt,Crooks and Sons
Eddison Nguyen,Bergnaum - West
Sade Sumner,"Cassin, Hoeger and Abbott"
Thomas Trejo,Harber and Sons
Damien Southern,Beahan Group
Mohsin Golden,Block - Cronin
Nial Coleman,"Kling, Shanahan and Rath"
Kennedy Clark,Hoeger and Sons
Herman West,"Beahan, Satterfield and Gislason"
Lily Sinclair,"Krajcik, Donnelly and Nicolas"
Kairo Hunt,Tromp - Casper
Angel Carter,Shanahan - Stanton
Rayhan Carroll,Wiegand LLC
Elias Weiss,"Langosh, Windler and Williamson"
Hibah Henry,Keebler - Pollich
Clarke Drummond,Kautzer - Gerlach
Kerri Cordova,"Nolan, Ratke and Bahringer"
Adelaide Savage,Bernier - Reynolds
Danyal Nicholson,McKenzie and Sons
Nyah Patton,Erdman LLC
Maisha Waller,Crooks and Sons
Hareem Carr,Bergnaum - West
Clara Dupont,"Cassin, Hoeger and Abbott"
Mira Coffey,Harber and Sons
Iylah Santos,Beahan Group
Francisco Haley,Block - Cronin
Kitty Grimes,"Kling, Shanahan and Rath"
Hafsah Paine,Hoeger and Sons
Paddy Howarth,"Beahan, Satterfield and Gislason"
Laila Molloy,"Krajcik, Donnelly and Nicolas"
Alfie-James Corbett,Tromp - Casper
Skyla Mcculloch,Shanahan - Stanton
Montel Walter,Wiegand LLC
Khloe Doherty,"Langosh, Windler and Williamson"
Davina Rollins,Keebler - Pollich
Theodora Crane,Kautzer - Gerlach
Fenton Mackenzie,"Nolan, Ratke and Bahringer"
Giovanni Cook,Bernier - Reynolds
Carwyn Frye,McKenzie and Sons
Priscilla Garrison,Erdman LLC
Jamie-Leigh Stark,Crooks and Sons
Keeley Poole,Bergnaum - West
Tonicha Stokes,"Cassin, Hoeger and Abbott"
Siana Conrad,Harber and Sons
Kamil Keller,Beahan Group
Isla-Grace Amos,Block - Cronin
Morwenna Smyth,"Kling, Shanahan and Rath"
Keri Hilton,Hoeger and Sons
Ria Mccaffrey,"Beahan, Satterfield and Gislason"
Sallie Parks,"Krajcik, Donnelly and Nicolas"
